,position,company,city,compensation_min,compensation_max,compensation_currency
0,Senior Data Scientist / Главный риск-аналитик в отдел корпоративных риск-моделей," ЗЕНИТ, банк","Москва, Нахимовский проспект",220000.0,250000.0,RUB
1,Data Scientist,ООО Изибрэйн,"Минск, Молодежная",,,
2,Data Scientist,ООО Ак Барс Цифровые Технологии,"Казань, Козья слобода",,,
3,Data Scientist,ООО Цифроматика,"Санкт-Петербург, Площадь Восстания",200000.0,,RUB
4,Data Scientist (NLP), M-soft,Киев,3000.0,4000.0,RUB
5,Data Scientist (NLP), M-soft,Минск,3000.0,4000.0,RUB
6,Аналитик данных / Data Scientist, Открытые Технологии,Москва,120000.0,180000.0,RUB
7,Data Scientist / Machine Learning Developer, CoolRocket Team,Новосибирск,,,
8,Data Scientist (deep learning)," Mail.Ru Group, Социальные сети, Одноклассники",Санкт-Петербург,,,
9,Data Scientist," Wargaming, Minsk (Game Stream)","Минск, Могилевская",,,
10,Data Scientist, Samsung Research Center,"Москва, Савеловская",,,
11,Data Scientist, Червоний маркет,"Киев, Берестейская",30000.0,,RUB
12,Data Scientist (emotion detection), ЦРТ | Группа компаний,Санкт-Петербург,,,
13,Data Scientist,ОАО Оммет,Омск,,,
14,Специалист по анализу данных / Data Scientist (Middle / Senior),ООО АлгоМост,"Москва, Маяковская",,,
15,Data scientist,ООО РУСАЛ-Центр учета,Красноярск,,,
16,ML Engineer / Data Scientist, FUSION CORE,"Москва, Сокол",,,
17,"Ведущий специалист / data scientist (big data, прогностическая аналитика, data mining)",ЗАО Прогностические решения,"Москва, Кузнецкий мост",150000.0,,RUB
18,Data Scientist Специалист по анализу данных в области машинного обучения,ООО Квантидеск,Москва,,,
19,Data Scientist (NLP), GlobalCareer,Москва,,,
20,Data Scientist (speech synthesis), ЦРТ | Группа компаний,"Санкт-Петербург, Фрунзенская",,,
21,Data Scientist (Санкт-Петербург), ЦРТ | Группа компаний,Казань,,,
22,Разработчик нейронных сетей (data scientist), Лаборатория НТР,Москва,,,
23,Junior Data scientist,ООО МФК Займ Онлайн,"Москва, Динамо и еще 1 ",,,
24,Data Scientist (Академгородок),ООО ЭЛСИ ГРУПП,Новосибирск,,,
25,Data Scientist (Санкт-Петербург), ЦРТ | Группа компаний,Томск,,,
26,Data scientist / Специалист машинного обучения, Банк ВТБ (ПАО),Москва,,,
27,Computer Vision / Data scientist CV, DeLight Group,Москва,,,
28,Руководитель направления по исследованию данных(Data Scientist), Сбербанк для экспертов,Москва,,,
29,Junior data analyst (Graduate Program), ИБМ Восточная Европа/Азия - IBM EE/A,Москва,,,
30,Junior data scientist, Сбербанк для экспертов,Москва,,,
31,Data Scientist / Machine Learning Developer, ANY.RUN,Ульяновск,,,
32,Аналитик BI / Data scientist, FBS Inc.,Санкт-Петербург,,,
33,Data Scientist, COMPAREX,"Москва, Парк Победы",250000.0,,RUB
34,Data Scientist, Сбербанк для экспертов,"Москва, Кутузовская и еще 1 ",,,
35,Data scientist (NLP), Сбербанк для экспертов,"Москва, Новослободская",,,
36,Data Scientist," Лента, федеральная розничная сеть, Офис","Санкт-Петербург, Старая Деревня",,,
37,Data Scientist (Санкт-Петербург), ЦРТ | Группа компаний,Новосибирск,,,
38,Data Scientist / Machine Learning Engineer ( на Кипр ), Wisebits,Санкт-Петербург,,,
39,Data Scientist,"ПАО МегаФон, IT",Нижний Новгород,,,
40,Senior Data Scientist (Академгородок),ООО ЭЛСИ ГРУПП,Новосибирск,,,
41,Data Science, Grid Dynamics,Казань,,,
42,Computer Vision Data Scientist,ООО ЛокоТех,Москва,,,
43,Менеджер по аналитике клиентских данных (Data analyst/ Data scientist),ООО МОНЭКС ТРЕЙДИНГ,"Москва, Савеловская",,,
44,Data Scientist / ML Engineer, Polymedia,"Москва, Профсоюзная и еще 1 ",,,
45,Data Scientist (Computer Vision), Тинькофф,"Москва, Водный стадион",,,
46,Data Engineer, Сбербанк для экспертов,Санкт-Петербург,,,
47,Big Data developer (Data Science platform)," Mail.Ru Group, Социальные сети, Одноклассники","Москва, Аэропорт",,,
48,CRM Data Scientist / CRM Data Analyst, Dentsu Aegis Network Russia,Москва,,,
49,Lead Machine Learning Engineer/Data Scientist, Сбербанк для экспертов,Санкт-Петербург,,,
50,Data Scientist / ML Engineer, Polymedia,Иннополис,,,
51,Senior Data Scientist, Сбербанк для экспертов,Москва,,,
52,Data Scientist, DataData,"Екатеринбург, Площадь 1905 года и еще 1 ",50000.0,120000.0,RUB
53,Senior Data Scientist, Группа компаний SRG,"Москва, Электрозаводская",,,
54,Middle/Senior Data scientist (скоринговые и ML модели корпоративных клиентов), Банк ВТБ (ПАО),Москва,,,
55,Junior разработчик C++/Research Engineer, itSeez3D,"Нижний Новгород, Горьковская",,,
56,Quantitative Researcher / Data scientist, Сбербанк для экспертов,Москва,,,
57,Data Scientist / Machine Learning Engineer, Wisebits,Кипр,,,
58,Data Scientist в проект CRM, Okko,"Санкт-Петербург, Беговая",,,
59,Data Engineer, Туту.ру,"Москва, Нагатинская",150000.0,,RUB
60,Руководитель направления по исследованию данных(Data Scientist), Сбербанк для экспертов,Москва,,,
61,Middle / Senior Data Scientist," ОТП Банк, АО (OTP bank)",Москва,180000.0,210000.0,RUB
62,Data Science, Сбербанк для экспертов,Москва,,,
63,ML Engineer/Data scientist, Samsung Research Center,"Москва, Савеловская",,,
64,Аналитик (Data Scientist),ПАО «МТС» ,Екатеринбург,,,
65,Product Data Analyst, Miro (экс-RealtimeBoard),Пермь,,,
66,Data Scientist (Python/R), McKinsey & Company,"Москва, Белорусская",,,
67,Стажер - Data Scientist, Сибур,Москва,,,
68,Data scientist (управление благосостоянием), Сбербанк для экспертов,Москва,,,
69,Data Scientist, ANCOR FinTech,Екатеринбург,,,
70,Senior Data Scientist (компьютерное зрение), Тинькофф,"Москва, Водный стадион",,,
71,Аналитик данных (Data Analyst/Data Scientist),ООО СтандартПроект,"Москва, Менделеевская и еще 3 ",,,
72,Скоринг-аналитик / Data scientist /Аналитик (скоринг), Займ-Экспресс,"Москва, Краснопресненская и еще 1 ",,,
73,Data Scientist (NLP), Платформа ОФД,"Москва, Спортивная и еще 1 ",250000.0,,RUB
74,Medical Advisor (temporary contract), Pfizer,Москва,,,
75,Аналитик / Data scientist, Dentsu Aegis Network Russia,"Москва, Улица 1905 года",,,
76,Data Scientist (FinTech),"ПАО «МТС»,IT",Москва,,,
77,Junior / Middle Data Analyst," FOZZY GROUP, Корпорация",Киев,,,
78,Big Data Engineer, Saber Interactive,Санкт-Петербург,,,
79,Специалист Oracle PL/SQL,ООО ГЕТСИЭРЭМ,"Москва, Римская и еще 1 ",160000.0,200000.0,RUB
80,Applied Data Scientist (Innovation), T-Systems RUS,"Санкт-Петербург, Василеостровская",,,
81,Ведущий Аналитик / Lead Analyst, Photo Lab,"Москва, Тверская и еще 2 ",,,
82,Data Scientist / Специалист машинного обучения, Инфосистемы Джет,Москва,,,
83,Data Engineer - Офис," АШАН, Сеть Гипермаркетов","Москва, Красносельская",,,
84,Начинающий специалист по Data Scientist (аналитик больших данных), 1C-Рарус,"Новосибирск, Маршала Покрышкина",25000.0,,RUB
85,Data Engineer, ЦИАН ГРУПП,"Москва, Преображенская площадь",,,
86,Data Scientist, Segmento,"Санкт-Петербург, Василеостровская",,,
87,Аналитик данных," Командор, сеть супермаркетов",Красноярск,50000.0,,RUB
88,Senior Data scientist, ANCOR FinTech,Нижний Новгород,,,
89,Deep Learning Scientist (Neural NLP/TTS/ASR),АО РБ Текнолоджи,"Москва, Парк культуры",,,
90,Data Scientist/Программист Computer Vision, Ай-Теко (I-Teco),Москва,,,
91,Data Scientist в Корпоративно-Инвестиционный Блок Банка, Сбербанк для экспертов,"Москва, Кутузовская и еще 1 ",,,
92,Junior Data Scientist, Туту.ру,Москва,,,
93,Data Scientist, Persona.ly,Новосибирск,,,
94,Старший аналитик (машинное обучение)/Team Lead Data scientist, Ингосстрах,"Москва, Улица 1905 года",,,
95,Аналитик (Big Data), Платформа ОФД,"Москва, Спортивная и еще 1 ",,,
96,Data Scientist (клиентская аналитика),"ПАО МегаФон, IT",Екатеринбург,,,
97,MIDDLE DATA SCIENTIST, Сбербанк для экспертов,Москва,,,
98,Data Scientist, Сбербанк для экспертов,"Москва, Кутузовская и еще 1 ",,,
99,Data scientist (Нижний Новгород), ANCOR FinTech,Челябинск,,,
100,Senior Data Scientist (Python), Nielsen,"Москва, Тушинская",,,
101,Data Scientist,ООО ЭдСервер,"Санкт-Петербург, Петроградская",,,
102,Data Scientist (Big Data),"ПАО «МТС»,IT","Москва, Технопарк",,,
103,Исследователь пользователей в команду Big Data, QIWI,"Москва, Чертановская",,,
104,Data Scientist (Analyst), ГБУ МО МОМИАЦ,"Москва, Мякинино",,,
105,Data scientist (Нижний Новгород), ANCOR FinTech,Ульяновск,,,
106,Аналитик данных / Data scientist," Унистрой, Управляющая компания",Казань,,,
107,ML Engineer / Data Scientist, Правовед.RU,"Санкт-Петербург, Московские ворота",,,
108,Data scientist, Сибирская генерирующая Компания УК,Москва,,,
109,Senior Data scientist (Нижний Новгород), ANCOR FinTech,Казань,,,
110,Data scientist (Нижний Новгород), ANCOR FinTech,Пермь,,,
111,Data Scientist (специалист по анализу данных),ООО Shortest Track,Новосибирск,30000.0,120000.0,RUB
112,Senior Data scientist (Нижний Новгород), ANCOR FinTech,Владимир,,,
113,Data Scientist, Talents In Games,Минск,,,
114,Senior Data Scientist, Сбербанк для экспертов,Москва,,,
115,Senior Data scientist (Нижний Новгород), ANCOR FinTech,Самара,,,
116,Руководитель направления/бизнес-аналитик (Data scientist),АО ДОМ.РФ,"Москва, Арбатская",,,
117,Senior Data scientist (Нижний Новгород), ANCOR FinTech,Екатеринбург,,,
118,Team-Lead/Senior data scientist,"ПАО МегаФон, Офис",Москва,,,
119,Data scientist - аналитик данных (CRM),ПАО БАНК УРАЛСИБ,Москва,,,
120,Data Scientist/Algorithms engineer, Antal Russia,"Москва, Выставочная",,,
121,Middle data scientist на Диалоговые системы, Тинькофф,"Москва, Водный стадион",,,
122,MIDDLE DATA SCIENTIST (NLP/NER), Сбербанк для экспертов,Москва,,,
123,Senior Data Scientist (рекомендательные системы), Тинькофф,"Москва, Водный стадион",,,
124,Специалист по машинному обучению (Data scientist),ООО РН-БашНИПИнефть,Уфа,,,
125,Data Scientist, Wisebits,Санкт-Петербург,,,
126,Data Scientist (Predictive Analytic Solutions)," Mail.Ru Group, Другое","Москва, Аэропорт",,,
127,Data Scientist (отдел противодействия мошенничеству), Эквифакс Кредит Сервисиз,"Москва, Комсомольская",,,
128,Data scientist (Нижний Новгород), ANCOR FinTech,Санкт-Петербург,,,
129,Senior Big Data Engineer," Лента, федеральная розничная сеть, Офис",Санкт-Петербург,,,
130,Python Developer / Data Scientist,ООО КГ Эвентус,Самара,,,
131,Data Scientist, Wisebits,Москва,,,
132,Data Scientist, Deloitte,Минск,,,
133,Senior Data Scientist [15961], ПАО «Газпром нефть»,Санкт-Петербург,,,
134,Senior Data scientist/Python, МИА Россия сегодня,"Москва, Парк культуры и еще 1 ",,,
135,NodeJS developer (to work side by side with data scientists), InsightWhale,Саратов,50000.0,120000.0,RUB
136,Data Scientist at Sberbank Corporate, Сбербанк для экспертов,"Москва, Кутузовская и еще 1 ",,,
137,Data Scientist, Wisebits,Кипр,,,
138,Middle Data Scientist в Дивизион Особенные Решения, Сбербанк для экспертов,Москва,,,
139,Data Scientist (Middle/Senior) - моделирование кредитных рисков корпоративных клиентов (Блок Риски), Сбербанк для экспертов,Москва,,,
140,Scientist (Philips Skolkovo Lab), PHILIPS. Здравоохранение,Москва,,,
141,Data scientist в стартап,ООО Mind&Machine,Москва,,,
142,Senior Data Scientist (голосовой ассистент), Тинькофф,"Москва, Водный стадион",,,
143,Middle ML Engineer / Data Scientist,ООО Арснова,Минск,,,
144,Team Lead Data Scientist в Дивизион Особенные Решения, Сбербанк для экспертов,Москва,,,
145,"Главный специалист направления операционной отчетности (Аналитик SQL, Data Scientist)"," «Почта России», Офис","Москва, Нагатинская и еще 1 ",,,
146,Front-end разработчик → Data scientist, InsightWhale,Ульяновск,60000.0,120000.0,RUB
147,"AI Developer [Computer Vision, Machine Learning, Algorithms]", Coleman Services,Москва,,,
148,Machine learning specialist. Data scientist . Application APP IN THE AIR,ООО Ренессанс Девелопмент,Москва,,,
149,Data Science Team Lead (Сегмента Авто), ПАО «Газпром нефть»,Санкт-Петербург,,,
150,NodeJS developer (to work side by side with data scientists), InsightWhale,Ульяновск,50000.0,120000.0,RUB
151,Data Science Team Lead (Сегмент Коммерческий транспорт и мелкий опт), ПАО «Газпром нефть»,Санкт-Петербург,,,
152,Senior Data Scientist in Oil & Gas,ООО Инжиниринговый Центр МФТИ по трудноизвлекаемым полезным ископаемым,Долгопрудный,,,
153,NodeJS developer (to work side by side with data scientists), InsightWhale,Омск,50000.0,120000.0,RUB
154,"Senior Data Scientist в Дивизион ""Особенные Решения""", Сбербанк для экспертов,Москва,,,
155,"Lead Product Manager, Machine Learning", Wrike,Москва,,,
156,Research – аналитик в Департамент стратегии в банк, Recruitment Boutique S.M.Art,Москва,,,
157,Lead Data Scientist," EPAM Systems, Inc.",Санкт-Петербург,,,
158,Research-аналитик в Департамент стратегии, Сбербанк для экспертов,Москва,,,
159,Research Team Lead/ Project manager in PR Data Scientist Team, SEMrush,"Санкт-Петербург, Московские ворота",,,
160,"Lead Product Manager, Machine Learning", Wrike,"Санкт-Петербург, Площадь Ленина",,,
161,Руководитель команды Data Science (Predictive Analytic Solutions)," Mail.Ru Group, Другое","Москва, Аэропорт",,,
162,Big Data Engineer,ООО Taurus Technologies,Москва,,,
163,Data scientist / Machine Learning Engineer,ООО Moneyveo,Киев,,,
164,Data scientist,ООО StarOfService,Киев,,,
165,Data scientist,ООО StarOfService,Минск,,,
166,Analyst / Специалист по обработке и анализу данных,"ООО ДІНЕРО, ФК","Киев, Вокзальная",,,
167,Data Reporting Analyst, VisiQuate,Харьков,,,
168,Data Scientist, Бизнес Кванты,Минск,,,
169,Старший Frontend-разработчик,ООО Цифроматика,"Санкт-Петербург, Площадь Восстания",200000.0,,RUB
170,Product Manager, Леруа Мерлен. Центральный офис,Москва,,,
171,HR Generalist,ООО МФК Займ Онлайн,"Москва, Динамо и еще 1 ",,,
172,Senior Software Engineer (.NET stack),ООО IHS Global,"Минск, Немига",,,
173,Аналитик (Супермаркет данных), Сбербанк для экспертов,Москва,,,
174,Investigator - Financial Markets Manipulations, Inca Digital Securities,Санкт-Петербург,,,
175,ML-engineer, Сбербанк для экспертов,Санкт-Петербург,,,
176,Инженер данных, Сибур,Москва,,,
177,Consultant\Senior Consultant (Python Developer)," PwC, Департамент бизнес-консультирования","Санкт-Петербург, Адмиралтейская",,,
178,QA Java automation engineer, Provectus,Казань,,,
179,Senior R&D Engineer, Synopsys,"Санкт-Петербург, Петроградская",,,
180,Аналитик по работе с клиентами (pre-sale менеджер)," Megaputer Intelligence, Компания",Москва,,,
181,Medical Science Manager (North-West region), Bristol-Myers Squibb,Санкт-Петербург,,,
182,Исполнительный директор Аналитического центра рисков, Сбербанк для руководителей,Москва,,,
183,Backend developer (Аналитическая платформа), Туту.ру,"Москва, Нагатинская",150000.0,,RUB
184,"C++ Programmer (Software Developer (H1B, USA))", Ariadne Genomics Inc.,США,,,
185,"Python Developer (H1B,USA)", Ariadne Genomics Inc.,США,,,
186,Руководитель аналитического направления," Командор, сеть супермаркетов",Красноярск,80000.0,,RUB
187,Руководитель направления PNL в Дивизион Особенные Решения Блок Розничный Бизнес), Сбербанк для экспертов,Москва,,,
188,R&D Analyst/Data scientist, IPONWEB Ltd (UK),Москва,,,
189,Data Scientist, Северсталь. Управляющая компания,"Москва, Войковская",,,
190,Data Scientist (анализ контента), i-FREE,Санкт-Петербург,,,
191,Data Scientist sas SberNBA Кредитные карты, Сбербанк для экспертов,Москва,,,
192,Senior Backend Developer/Data Scientist в Команду Performance Advertising, ВКонтакте,Санкт-Петербург,,,
193,Senior Data Science Engineer, Wrike,Санкт-Петербург,,,
194,Data Scientist," МАГНИТ, Розничная сеть",Москва,,,
195,Ведущий аналитик данных (Senior Data Scientist),ООО Гудфокаст,"Москва, Калужская",,,
196,Data Scientist, JetBrains,"Москва, Белорусская",170000.0,,RUB
197,Старший аналитик/Data Scientist в продуктовую аналитику," Mail.Ru Group, E-commerce",Москва,,,
198,Data Scientist (клиентская аналитика),"ПАО МегаФон, Digital",Москва,,,
199,Инженер по обработке данных / Data Engineer, Сбербанк для руководителей,Москва,,,
200,Data Scientist, Сибур,Москва,,,
201,Аналитик данных (SQL), Сбербанк для экспертов,Санкт-Петербург,170000.0,,RUB
202,Программист-математик (инженер),ЗАО Градиент,Казань,,,
203,Аналитик-разработчик (Data Scientist),ООО Джой Колс Групп,Москва,,,
204,"Стажер/Специалист (Data Scientist, Группа улучшения бизнес-технологии и ИТ)", EY (Эрнст энд Янг),"Москва, Павелецкая",,,
205,ML-инженер / Data Scientist, Интерсвязь,Челябинск,35000.0,80000.0,RUB
206,Аналитик SQL / Data Scientist, АльфаСтрахование,"Москва, Шаболовская",,,
207,Data Scientist, OZON.ru Разработка,Москва,,,
208,Data Scientist/Математик-программист, Ай-Теко (I-Teco),Москва,,,
209,Data Scientist (gamedev), Panoramik,"Санкт-Петербург, Василеостровская и еще 1 ",,,
210,Эксперт аналитического центра / Data scientist, Сибирская генерирующая Компания УК,Новосибирск,100000.0,,RUB
211,Специалист по обработке и анализу данных (Data Scientist), ELMA,Киров,100000.0,,RUB
212,Junior Data scientist (Департамент внутреннего аудита)," «РОСБАНК, Societe Generale Group», с опытом работы","Москва, Комсомольская и еще 2 ",,,
213,Специалист по машинному обучению / Data Scientist (FinTech), Университет ИТМО,"Санкт-Петербург, Василеостровская",75000.0,,RUB
214,Data scientist, КОМПЛИТ,"Санкт-Петербург, Старая Деревня",,,
215,Data scientist (SAS), Сбербанк для экспертов,Москва,,,
216,Аналитик данных (Data Scientist),ООО Форпост,Москва,,,
217,Senior Data Scientist в NLP лабораторию СКБ Контур, СКБ Контур,Екатеринбург,,,
218,Senior/Middle Data Scientist,"АО Ренессанс здоровье, Страховая компания","Москва, Пролетарская",,,
219,Разработчик-исследователь в области искусственного интеллекта / Data Scientist, Университет ИТМО,"Санкт-Петербург, Василеостровская",80000.0,,RUB
220,Data Scientist / Machine Learning Developer, Peller.Tech Inc,Москва,,,
221,Data Scientist (Middle), Сбербанк для экспертов,Екатеринбург,,,
222,Data Analyst / Scientist, Genesis,Киев,,,
223,Data Scientist,АО Рамакс Интернейшнл,"Москва, Павелецкая и еще 2 ",,,
224,Python Data Scientist, Neuro.net,Нижний Новгород,100000.0,150000.0,RUB
225,"Programmatic Analyst, Data Scientist for Eastern Europe"," «Procter & Gamble», Молодой специалист",Москва,95000.0,,RUB
226,Data scientist \ аналитик данных," «Почта России», Офис","Москва, Нагатинская и еще 1 ",,,
227,Senior Data Scientist в NLP лабораторию СКБ Контур, СКБ Контур,Санкт-Петербург,,,
228,Senior Data Scientist в NLP лабораторию СКБ Контур, СКБ Контур,Иннополис,,,
229,Аналитик/Data Scientist, BORK,Москва,,,
230,Artificial Intelligence and Data Analytics Scientist, Aramco Innovations,"Москва, Ломоносовский проспект",,,
231,"Senior Data scientist (NLP, чат бот)", Сбербанк для экспертов,Москва,,,
232,Middle data scientist, oneFactor,Москва,,,
233,Data Scientist, МФИ Софт,Нижний Новгород,,,
234,Data Scientist / Machine Learning Engineer,ООО АЛИБАБА.КОМ (РУ),Москва,,,
235,Senior Data Scientist, Spice Agency,Москва,,,
236,Специалист по обработке и анализу данных (Data Scientist), ELMA,Ижевск,100000.0,,RUB
237,Data Scientist,ТОО Business and Technology Services,Нур-Султан,,,
238,Преподаватель курса Анализ данных на Python, Nordic IT School,"Москва, Комсомольская и еще 2 ",,,
239,Data Scientist, Align Technology,"Москва, Тульская",,,
240,Data Scientist,АО Фармасинтез,Москва,100000.0,,RUB
241,Data scientist, Сбербанк для экспертов,Екатеринбург,,,
242,Data scientist (Нижний Новгород), ANCOR FinTech,Краснодар,,,
243,Data Scientist (Marketing Research & Analytics), JetBrains,"Санкт-Петербург, Новокрестовская и еще 1 ",,,
244,Junior Data Scientist," EPAM Systems, Inc.",Нижний Новгород,,,
245,Data scientist, Авито,Москва,,,
246,Data Scientist,ООО Расберри Ру,Нижний Новгород,,,
247,Senior Nutrition Scientist (Russia & BUCCA),ООО PepsiCo,"Москва, Сокол",,,
248,Data scientist / quant analyst, Recruitment Boutique S.M.Art,Москва,,,
249,Senior Data Scientist, Сбербанк для экспертов,Екатеринбург,,,
250,Исследователь данных (Data Scientist), IBS,Санкт-Петербург,,,
251,Data Scientist (Старший аудитор), Сбербанк для экспертов,Москва,,,
252,Data Scientist/Аналитик Data Science, Social Discovery Ventures,"Москва, Динамо",,,
253,Python developer (Data Engineer), Admitad,"Москва, Дмитровская",,,
254,Специалист по анализу данных (Data Scientist) г. Сочи, Отраслевой центр разработок и внедрения информационных систем / ОЦРВ,Нижний Новгород,110000.0,150000.0,RUB
255,Специалист по анализу данных (Data Scientist) г. Сочи, Отраслевой центр разработок и внедрения информационных систем / ОЦРВ,Казань,110000.0,150000.0,RUB
256,Специалист по анализу данных (Data Scientist) г. Сочи, Отраслевой центр разработок и внедрения информационных систем / ОЦРВ,Краснодар,110000.0,150000.0,RUB
257,Data Scientist,АО Рамакс Интернейшнл,"Москва, Павелецкая и еще 2 ",,,
258,Специалист по анализу данных (Data Scientist) г. Сочи, Отраслевой центр разработок и внедрения информационных систем / ОЦРВ,Новосибирск,110000.0,150000.0,RUB
259,Специалист по анализу данных (Data Scientist) г. Сочи, Отраслевой центр разработок и внедрения информационных систем / ОЦРВ,Москва,110000.0,150000.0,RUB
260,Специалист по анализу данных (Data Scientist) г. Сочи, Отраслевой центр разработок и внедрения информационных систем / ОЦРВ,Екатеринбург,110000.0,150000.0,RUB
261,Специалист по анализу данных (Data Scientist) г. Сочи, Отраслевой центр разработок и внедрения информационных систем / ОЦРВ,Санкт-Петербург,110000.0,150000.0,RUB
262,Data scientist,ООО Специальный Технологический Центр,Санкт-Петербург,,,
263,Data Scientist, Сбербанк для экспертов,Пермь,,,
264,"Data scientist (ML разработчик, python)", Mindbox,"Москва, Белорусская и еще 1 ",140000.0,170000.0,RUB
265,Data scientist,ООО Тувэтрейд Технолоджи,"Москва, Новокузнецкая",,,
266,Data Scientist, Кадровое Агентство Уникальных Специалистов,"Москва, Технопарк",150000.0,,RUB
267,Data Scientist( NLP), Сбербанк для экспертов,Москва,,,
268,Data engineer, Lamoda,Москва,,,
269,Исследователь в области машинного обучения и анализа данных, Университет ИТМО,"Санкт-Петербург, Василеостровская",100000.0,,RUB
270,Geo and Petrophysical Instrumentation Scientist, Aramco Innovations,"Москва, Ломоносовский проспект",,,
271,Senior Data Scientist в NLP лабораторию СКБ Контур, СКБ Контур,Москва,,,
272,Ведущий исследователь данных (NLP), Сбербанк для экспертов,Москва,,,
273,Ведущий data scientist, Деловые Линии,"Санкт-Петербург, Звёздная и еще 2 ",,,
274,"Data scientist (ML-разработчик, python)", Star-staff,"Москва, Савеловская",150000.0,,RUB
275,Junior Data Scientist (математик-программист), Nicotech International,"Москва, Свиблово",,,
276,Data scientist,"ПАО МегаФон, IT",Екатеринбург,,,
277,Data Scientist, Сбербанк для экспертов,Санкт-Петербург,,,
278,Senior Data Scientist,АО Рамакс Интернейшнл,"Москва, Павелецкая и еще 2 ",,,
279,Специалист по машинному обучению/Data Scientist (NLP), Университет ИТМО,"Санкт-Петербург, Василеостровская",,,
280,Data Scientist/Data Statistician,АО Citibank,Москва,,,
281,"Data Scientist, Voice Recognition (Маруся)"," Mail.Ru Group, Другое",Москва,,,
282,R&D Senior Scientist (Discovery & Applications),ООО PepsiCo,"Москва, Сокол",,,
283,Data Scientist (Дивизион `Забота о клиентах` ), Сбербанк для экспертов,Москва,,,
284,Senior Data Scientist, Леруа Мерлен. Центральный офис,"Москва, Шаболовская",,,
285,Data Scientist отдела аудита информационных технологий, Сбербанк для экспертов,Санкт-Петербург,,,
286,Исследователь данных (Data Scientist), IBS,Нижний Новгород,,,
287,Data Scientist,ООО Агентство ПРОФИ,Сочи,150000.0,,RUB
288,Data Scientist в проект CRM, Okko,"Санкт-Петербург, Беговая",,,
289,Data Engineer, Туту.ру,"Москва, Нагатинская",150000.0,,RUB
290,Руководитель направления по исследованию данных(Data Scientist), Сбербанк для экспертов,Москва,,,
291,Middle / Senior Data Scientist," ОТП Банк, АО (OTP bank)",Москва,180000.0,210000.0,RUB
292,Data Science, Сбербанк для экспертов,Москва,,,
293,ML Engineer/Data scientist, Samsung Research Center,"Москва, Савеловская",,,
294,Аналитик (Data Scientist),ПАО «МТС» ,Екатеринбург,,,
295,Product Data Analyst, Miro (экс-RealtimeBoard),Пермь,,,
296,Data Scientist (Python/R), McKinsey & Company,"Москва, Белорусская",,,
297,Стажер - Data Scientist, Сибур,Москва,,,
298,Data scientist (управление благосостоянием), Сбербанк для экспертов,Москва,,,
299,Data Scientist, ANCOR FinTech,Екатеринбург,,,
300,Senior Data Scientist (компьютерное зрение), Тинькофф,"Москва, Водный стадион",,,
301,Аналитик данных (Data Analyst/Data Scientist),ООО СтандартПроект,"Москва, Менделеевская и еще 3 ",,,
302,Скоринг-аналитик / Data scientist /Аналитик (скоринг), Займ-Экспресс,"Москва, Краснопресненская и еще 1 ",,,
303,Data Scientist (NLP), Платформа ОФД,"Москва, Спортивная и еще 1 ",250000.0,,RUB
304,Medical Advisor (temporary contract), Pfizer,Москва,,,
305,Аналитик / Data scientist, Dentsu Aegis Network Russia,"Москва, Улица 1905 года",,,
306,Data Scientist (FinTech),"ПАО «МТС»,IT",Москва,,,
307,Junior / Middle Data Analyst," FOZZY GROUP, Корпорация",Киев,,,
308,Big Data Engineer, Saber Interactive,Санкт-Петербург,,,
309,Специалист Oracle PL/SQL,ООО ГЕТСИЭРЭМ,"Москва, Римская и еще 1 ",160000.0,200000.0,RUB
310,Applied Data Scientist (Innovation), T-Systems RUS,"Санкт-Петербург, Василеостровская",,,
311,Ведущий Аналитик / Lead Analyst, Photo Lab,"Москва, Тверская и еще 2 ",,,
312,Data Scientist / Специалист машинного обучения, Инфосистемы Джет,Москва,,,
313,Data Engineer - Офис," АШАН, Сеть Гипермаркетов","Москва, Красносельская",,,
314,Начинающий специалист по Data Scientist (аналитик больших данных), 1C-Рарус,"Новосибирск, Маршала Покрышкина",25000.0,,RUB
315,Data Engineer, ЦИАН ГРУПП,"Москва, Преображенская площадь",,,
316,Data Scientist, Segmento,"Санкт-Петербург, Василеостровская",,,
317,Аналитик данных," Командор, сеть супермаркетов",Красноярск,50000.0,,RUB
318,Data Scientist / Аналитик данных, Медиалогия,"Москва, Дмитровская",,,
319,Data Scientist / Data Engineer, WorldQuant,Санкт-Петербург,,,
320,Data Scientist / Специалист машинного обучения, Инфосистемы Джет,Санкт-Петербург,,,
321,Data Scientist," Wargaming, Minsk (Game Stream)","Минск, Могилевская",,,
322,Senior Data scientist, QIWI,"Москва, Чертановская",,,
323,Senior Data Scientist, Miro (экс-RealtimeBoard),Пермь,,,
324,Data analyst/Data Scientist, Сбербанк для экспертов,Москва,,,
325,Data Scientist (Computer vision), Star-staff,Москва,,,
326,Senior Big Data инженер," Лента, федеральная розничная сеть, IT ",Санкт-Петербург,,,
327,Data Scientist for AntiFraud, Райффайзенбанк,Москва,,,
328,"Аналитик-разработчик (Data Scientist, Big Data)", Тинькофф,"Москва, Водный стадион",,,
329,Data Scientist, ANCOR FinTech,Москва,,,
330,Middle Data Scientist/Middle Python Developer, The Skolkovo Institute of Science and Technology,Москва,,,
331,Senior Data Scientist, Grid Dynamics,"Санкт-Петербург, Горьковская",,,
332,Data scientist (SAS), Diamond Personnel R&C,Москва,,,
333,Data Scientist, EY (Эрнст энд Янг),Москва,,,
334,Data Scientist в R&D центр (анализ текстов), ГК «ВИЗАВИ Консалт»,Сочи,110000.0,130000.0,RUB
335,Data scientist, МСП Банк,Москва,,,
336,Senior Backend Developer/Data Scientist в Команду Performance Advertising, ВКонтакте,Москва,,,
337,Бизнес-аналитик/Data Scientist, Компания ЛБР,"Минск, Академия наук",,,
338,Data Scientist (голосовые технологии), Тинькофф,Новосибирск,,,
339,Аналитик/Data Scientist, Сбербанк для экспертов,Москва,,,
340,Data Scientist, NOVARDIS,Санкт-Петербург,,,
341,Data engineer (Big Data team), DINO Systems,Санкт-Петербург,,,
342,Data Scientist (специалист по предиктивной аналитике),ООО Интеллектика,Ростов-на-Дону,,,
343,Руководитель направления по анализу данных (Data scientist), Сбербанк для экспертов,Москва,,,
344,Go-To-Market Data Analyst, Miro (экс-RealtimeBoard),Пермь,,,
345,Deep Learning/Computer Vision Engineer, ISS,Москва,,,
346,Senior Data Scientist, Самокат (ООО Умное пространство),"Санкт-Петербург, Петроградская",,,
347,Data scientist (Нижний Новгород), ANCOR FinTech,Новосибирск,,,
348,Data scientist (платформа рекомендательных систем), Сбербанк для экспертов,Москва,,,
349,Senior Data Scientist/Team Lead (anti-fraud), ЦИАН ГРУПП,"Москва, Преображенская площадь",,,
350,ML Engineer/ Data Scientist," «РОСБАНК, Societe Generale Group», с опытом работы","Москва, Комсомольская и еще 2 ",,,
351,Data Scientist, Сбербанк для экспертов,Москва,,,
352,"Data Scientist в R&D центр (временные ряды, классические методы машинного обучения)", ГК «ВИЗАВИ Консалт»,Сочи,110000.0,130000.0,RUB
353,Data Scientist в R&D центр в Сочи (анализ текстов), ГК «ВИЗАВИ Консалт»,Москва,110000.0,130000.0,RUB
354,Data Scientist (myTracker)," Mail.Ru Group, Решения для бизнеса","Москва, Аэропорт",,,
355,Data Scientist, Леруа Мерлен. Центральный офис,Москва,,,
356,Senior Data scientist, Сбербанк для экспертов,Москва,,,
357,Senior Data Scientist (Ценообразование), Сбербанк для экспертов,Санкт-Петербург,,,
358,Data scientist intern, Publicis Groupe,"Москва, Белорусская",,,
359,Python Developer/Data Scientist for a Swiss Startup, Assaia International AG,Санкт-Петербург,2000.0,3600.0,RUB
360,Senior Go-to-Market Data Analyst, Miro (экс-RealtimeBoard),Пермь,,,
361,Аналитик скоринга / Data Scientist, МигКредит,"Москва, Молодежная",80000.0,,RUB
362,BI Analyst/Аналитик Данных, Click,"Санкт-Петербург, Петроградская",,,
363,Data Scientist, Сибур,Нижний Новгород,,,
364,Senior Data Scientist (Команда знаний), Сбербанк для экспертов,Санкт-Петербург,,,
365,"Data Scientist в R&D центр в Сочи (временные ряды, классические методы машинного обучения)", ГК «ВИЗАВИ Консалт»,Москва,110000.0,130000.0,RUB
366,Data scientist, Сибур,Томск,,,
367,Senior Data Scientist, ЛАНИТ-ТЕХНОЛОГИИ,Москва,,,
368,R&D Analyst/Data scientist, IPONWEB Ltd (UK),Москва,,,
369,Data Scientist, Северсталь. Управляющая компания,"Москва, Войковская",,,
370,Data Scientist (анализ контента), i-FREE,Санкт-Петербург,,,
371,Data Scientist sas SberNBA Кредитные карты, Сбербанк для экспертов,Москва,,,
372,Senior Backend Developer/Data Scientist в Команду Performance Advertising, ВКонтакте,Санкт-Петербург,,,
373,Senior Data Science Engineer, Wrike,Санкт-Петербург,,,
374,Data Scientist," МАГНИТ, Розничная сеть",Москва,,,
375,Ведущий аналитик данных (Senior Data Scientist),ООО Гудфокаст,"Москва, Калужская",,,
376,Data Scientist, JetBrains,"Москва, Белорусская",170000.0,,RUB
377,Старший аналитик/Data Scientist в продуктовую аналитику," Mail.Ru Group, E-commerce",Москва,,,
378,Data Scientist (клиентская аналитика),"ПАО МегаФон, Digital",Москва,,,
379,Инженер по обработке данных / Data Engineer, Сбербанк для руководителей,Москва,,,
380,Data Scientist, Сибур,Москва,,,
381,Аналитик данных (SQL), Сбербанк для экспертов,Санкт-Петербург,170000.0,,RUB
382,Программист-математик (инженер),ЗАО Градиент,Казань,,,
383,Аналитик-разработчик (Data Scientist),ООО Джой Колс Групп,Москва,,,
384,"Стажер/Специалист (Data Scientist, Группа улучшения бизнес-технологии и ИТ)", EY (Эрнст энд Янг),"Москва, Павелецкая",,,
385,ML-инженер / Data Scientist, Интерсвязь,Челябинск,35000.0,80000.0,RUB
386,Аналитик SQL / Data Scientist, АльфаСтрахование,"Москва, Шаболовская",,,
387,Data Scientist, OZON.ru Разработка,Москва,,,
